email,subject, message

mohammedtanveerowais5600@gmail.com,cfdcwed,fdef
mohammedtanveerowais5600@gmail.com,cfdcwed,fdef
mohammedtanveerowais5600@gmail.com,cfdcwed,fdef
mohammedtanveerowais5600@gmail.com,cfdcwed,fdef
fkfmadlkm@gmail.com,d ldmode,fewklfmelwk
sirajislauda@gmail.com,789-8975-786,siraj is lauda,"paikhna, tambul"
mohammedtanveerowais5600@gmail.com,701-3513-097,"nfgnghmgj,","w,jkwdkas"
sirajlaudu143@gmail.com,701-3513-097,siraj is laudu,lalit
sirajlaudu143@gmail.com,701-3513-097,siraj is laudu bhajjju,lalit
